mode,epoch,train_loss,train_acc,val_loss,val_acc
scratch,1,1.727440643310547,0.2625,20.29480609893799,0.25
scratch,2,1.3445372462272644,0.3875,8.025787802040577,0.25
scratch,3,1.198609745502472,0.44375,2.3641392320394514,0.4
scratch,4,1.1614530384540558,0.51875,0.950972555577755,0.575
scratch,5,1.1230252027511596,0.5,0.8589827626943588,0.7
scratch,6,1.0682579696178436,0.5375,0.8942227602005005,0.575
scratch,7,0.9465407371520996,0.5875,0.9191786170005798,0.625
scratch,8,0.9895192682743073,0.5625,0.784067177772522,0.65
scratch,9,0.8976213157176971,0.61875,0.7447223022580147,0.65
scratch,10,0.8953056454658508,0.59375,0.7370019659399987,0.65
